{"cameraMode":{"drawMode":0,"name":"Shaded","section":"Shading Mode"},"sceneLighting":false,"audioPlay":false,"sceneViewState":{"m_AlwaysRefresh":false,"showFog":true,"showSkybox":false,"showFlares":true,"showImageEffects":true,"showParticleSystems":true,"showVisualEffectGraphs":true,"m_FxEnabled":true},"in2DMode":false,"pivot":{"x":0.04856797680258751,"y":-0.05270739644765854,"z":0.04100413993000984},"rotation":{"x":-0.2265619933605194,"y":-0.4654645323753357,"z":0.12458211183547974,"w":-0.8464639782905579},"size":0.08121594041585922,"orthographic":false}