{"cameraMode":{"drawMode":0,"name":"Shaded","section":"Shading Mode"},"sceneLighting":true,"audioPlay":false,"sceneViewState":{"m_AlwaysRefresh":false,"showFog":true,"showSkybox":true,"showFlares":true,"showImageEffects":true,"showParticleSystems":true,"showVisualEffectGraphs":true,"m_FxEnabled":true},"in2DMode":false,"pivot":{"x":1.0261796712875367,"y":0.6566982865333557,"z":1.0127192735671998},"rotation":{"x":-0.12435466796159744,"y":-0.4573579430580139,"z":0.06475810706615448,"w":-0.878178060054779},"size":0.8778933882713318,"orthographic":false}